{"cameraMode":{"drawMode":0,"name":"Shaded","section":"Shading Mode"},"sceneLighting":false,"audioPlay":false,"sceneViewState":{"showFog":true,"showMaterialUpdate":false,"showSkybox":true,"showFlares":true,"showImageEffects":true,"showParticleSystems":true},"in2DMode":false,"pivot":{"x":3.5555875301361086,"y":1.520260214805603,"z":0.7525460124015808},"rotation":{"x":-0.12802012264728547,"y":0.7988197207450867,"z":-0.18309082090854646,"w":-0.5585477948188782},"size":2.149475574493408,"orthographic":false}