{"cameraMode":{"drawMode":0,"name":"Shaded","section":"Shading Mode"},"sceneLighting":false,"audioPlay":false,"sceneViewState":{"showFog":true,"showMaterialUpdate":false,"showSkybox":true,"showFlares":true,"showImageEffects":true,"showParticleSystems":true},"in2DMode":false,"pivot":{"x":33.869693756103519,"y":4.615658760070801,"z":18.912063598632814},"rotation":{"x":-0.28837576508522036,"y":0.6615791916847229,"z":-0.3076828718185425,"w":-0.6200675368309021},"size":2.718541383743286,"orthographic":false}