{"cameraMode":{"drawMode":0,"name":"Shaded","section":"Shading Mode"},"sceneLighting":false,"audioPlay":false,"sceneViewState":{"showFog":true,"showMaterialUpdate":false,"showSkybox":true,"showFlares":true,"showImageEffects":true,"showParticleSystems":true},"in2DMode":false,"pivot":{"x":-89.23152160644531,"y":124.92196655273438,"z":-23.29652976989746},"rotation":{"x":0.42594772577285769,"y":0.49517273902893069,"z":-0.3041667640209198,"w":0.6934372186660767},"size":35.41445541381836,"orthographic":false}