{"cameraMode":{"drawMode":0,"name":"Shaded","section":"Shading Mode"},"sceneLighting":false,"audioPlay":false,"sceneViewState":{"showFog":true,"showMaterialUpdate":false,"showSkybox":true,"showFlares":true,"showImageEffects":true,"showParticleSystems":true},"in2DMode":false,"pivot":{"x":0.33500000834465029,"y":1.5540000200271607,"z":0.9160000085830689},"rotation":{"x":0.0031861006282269956,"y":0.9817124009132385,"z":-0.18962761759757996,"w":0.01649477705359459},"size":0.8083317875862122,"orthographic":false}