{"cameraMode":{"drawMode":0,"name":"Shaded","section":"Shading Mode"},"sceneLighting":false,"audioPlay":false,"sceneViewState":{"showFog":true,"showMaterialUpdate":false,"showSkybox":true,"showFlares":true,"showImageEffects":true,"showParticleSystems":true},"in2DMode":false,"pivot":{"x":-0.03136754035949707,"y":-0.030867815017700197,"z":0.1530379056930542},"rotation":{"x":0.127388134598732,"y":-0.8533104062080383,"z":0.24612592160701753,"w":0.4416510760784149},"size":4.041658878326416,"orthographic":false}